{
  "camera_matrix": [
    [
      972.5104712936351,
      0.0,
      355.4448345535461
    ],
    [
      0.0,
      972.340663500932,
      630.5346957823724
    ],
    [
      0.0,
      0.0,
      1.0
    ]
  ],
  "dist_coeffs": [
    0.1510177734640612,
    -0.43299258244945305,
    -0.003108310894699245,
    -0.002742260010344186,
    0.44942467069940134
  ],
  "reprojection_error_px": 0.3509323141546335,
  "quality": "OK",
  "image_width_px": 720,
  "image_height_px": 1280,
  "sample_count": 24,
  "checkerboard": {
    "inner_corners": [
      9,
      6
    ],
    "square_size_m": 0.02
  }
}